"CSN","Transfer_DateTime","Transfer_Out_Unit","Transfer_In_Unit"
"3.1415100741",2077-05-24 18:39:00,"ICU_Neonatalogy_B","ICU_Neonatalogy_A"
"3.1415100741",2077-05-27 12:30:00,"ICU_Neonatalogy_A","ICU_Cardiology_A"
"3.1415100741",2077-06-02 15:43:00,"ICU_Cardiology_A","PCU_Cardiology_A"
"3.1415100765",2077-05-21 12:10:00,"ICU_Mixed_A","PCU_Mixed_D"
"3.1415100893",2077-09-22 19:25:00,"ICU_Cardiology_B","PCU_Cardiology_A"
"3.1415100969",2078-01-10 15:18:00,"ICU_Mixed_B","PCU_Mixed_A"
"3.1415100969",2078-01-12 17:15:00,"PCU_Mixed_A","PCU_Hem_Onc_A"
"3.141510106",2077-10-21 10:39:00,"ICU_Mixed_A","PCU_Mixed_A"
"3.1415101244",2077-01-17 18:45:00,"PCU_Labor and Delivery_A","PCU_Maternity_B"
